<?xml version="1.0" encoding="UTF-8"?>
<project-private xmlns="http://www.netbeans.org/ns/project-private/1">
    <editor-bookmarks xmlns="http://www.netbeans.org/ns/editor-bookmarks/2" lastBookmarkId="0"/>
    <open-files xmlns="http://www.netbeans.org/ns/projectui-open-files/2">
        <group>
            <file>file:/D:/workspace/Interfaces/src/interfaces/ExWhileSete.java</file>
            <file>file:/D:/workspace/Interfaces/src/interfaces/Selecao.java</file>
            <file>file:/D:/workspace/Interfaces/src/interfaces/ExWhileCinco.java</file>
            <file>file:/D:/workspace/Interfaces/src/interfaces/ExWhileSeis.java</file>
            <file>file:/D:/workspace/Interfaces/src/interfaces/ExWhileDois.java</file>
            <file>file:/D:/workspace/Interfaces/src/interfaces/Inicio.java</file>
            <file>file:/D:/workspace/Interfaces/src/interfaces/ListaWhile.java</file>
        </group>
    </open-files>
</project-private>
